-- phpMyAdmin SQL Dump
-- version 5.2.1
-- https://www.phpmyadmin.net/
--
-- Servidor: 127.0.0.1
-- Tiempo de generación: 24-07-2023 a las 03:16:47
-- Versión del servidor: 10.4.28-MariaDB
-- Versión de PHP: 8.2.4

SET SQL_MODE = "NO_AUTO_VALUE_ON_ZERO";
START TRANSACTION;
SET time_zone = "+00:00";


/*!40101 SET @OLD_CHARACTER_SET_CLIENT=@@CHARACTER_SET_CLIENT */;
/*!40101 SET @OLD_CHARACTER_SET_RESULTS=@@CHARACTER_SET_RESULTS */;
/*!40101 SET @OLD_COLLATION_CONNECTION=@@COLLATION_CONNECTION */;
/*!40101 SET NAMES utf8mb4 */;

--
-- Base de datos: `publicaciones_facebook`
--

-- --------------------------------------------------------

--
-- Estructura de tabla para la tabla `comentarios`
--

CREATE TABLE `comentarios` (
  `Id` int(11) NOT NULL,
  `Id_publicacion` int(11) DEFAULT NULL,
  `numero_comentarios` int(11) DEFAULT NULL
) ENGINE=InnoDB DEFAULT CHARSET=utf8mb4 COLLATE=utf8mb4_general_ci;

--
-- Volcado de datos para la tabla `comentarios`
--

INSERT INTO `comentarios` (`Id`, `Id_publicacion`, `numero_comentarios`) VALUES
(1, 1, 4),
(2, 2, 5),
(3, 3, 0),
(4, 4, 58),
(5, 5, 19),
(6, 6, 1),
(7, 7, 3),
(8, 8, 0),
(9, 9, 0),
(10, 10, 3),
(11, 11, 0),
(12, 12, 0),
(13, 13, 0),
(14, 14, 5),
(15, 15, 2),
(16, 16, 4),
(17, 17, 2),
(18, 18, 15),
(19, 19, 4),
(20, 20, 0),
(21, 21, 3),
(22, 22, 0),
(23, 23, 0),
(24, 24, 0),
(25, 25, 3),
(26, 26, 0),
(27, 27, 10),
(28, 28, 0),
(29, 29, 36),
(30, 30, 18),
(31, 31, 33),
(32, 32, 1),
(33, 33, 2),
(34, 34, 4),
(35, 35, 2),
(36, 36, 6),
(37, 37, 0),
(38, 38, 16),
(39, 39, 11),
(40, 40, 1),
(41, 41, 7),
(42, 42, 6),
(43, 43, 7),
(44, 44, 7),
(45, 45, 0),
(46, 46, 4),
(47, 47, 4),
(48, 48, 6),
(49, 49, 0),
(50, 50, 1),
(51, 51, 1),
(52, 52, 24),
(53, 53, 9),
(54, 54, 4),
(55, 55, 4),
(56, 56, 2),
(57, 57, 2),
(58, 58, 0),
(59, 59, 3),
(60, 60, 4),
(61, 61, 8),
(62, 62, 8),
(63, 63, 10),
(64, 64, 4),
(65, 65, 2),
(66, 66, 19),
(67, 67, 0),
(68, 68, 20),
(69, 69, 0),
(70, 70, 7),
(71, 71, 7),
(72, 72, 17),
(73, 73, 3),
(74, 74, 14),
(75, 75, 2),
(76, 76, 20),
(77, 77, 0),
(78, 78, 4),
(79, 79, 0),
(80, 80, 2),
(81, 81, 2),
(82, 82, 18),
(83, 83, 5),
(84, 84, 2),
(85, 85, 2),
(86, 86, 10),
(87, 87, 2),
(88, 88, 3),
(89, 89, 3),
(90, 90, 2),
(91, 91, 13),
(92, 92, 0),
(93, 93, 9),
(94, 94, 2),
(95, 95, 2),
(96, 96, 5),
(97, 97, 3),
(98, 98, 1),
(99, 99, 7),
(100, 100, 12),
(101, 101, 0),
(102, 102, 26),
(103, 103, 2),
(104, 104, 0),
(105, 105, 4),
(106, 106, 42),
(107, 107, 9),
(108, 108, 17),
(109, 109, 7),
(110, 110, 4),
(111, 111, 2),
(112, 112, 0),
(113, 113, 4),
(114, 114, 2),
(115, 115, 0),
(116, 116, 0),
(117, 117, 1),
(118, 118, 0),
(119, 119, 0),
(120, 120, 0),
(121, 121, 0),
(122, 122, 6),
(123, 123, 1),
(124, 124, 1),
(125, 125, 0),
(126, 126, 0),
(127, 127, 3),
(128, 128, 0),
(129, 129, 0),
(130, 130, 0),
(131, 131, 0),
(132, 132, 0),
(133, 133, 1),
(134, 134, 0),
(135, 135, 2),
(136, 136, 0),
(137, 137, 0),
(138, 138, 4),
(139, 139, 0),
(140, 140, 4),
(141, 141, 15),
(142, 142, 2),
(143, 143, 60),
(144, 144, 10),
(145, 145, 3),
(146, 146, 6),
(147, 147, 0),
(148, 148, 0),
(149, 149, 3),
(150, 150, 0),
(151, 151, 24),
(152, 152, 2),
(153, 153, 47),
(154, 154, 7),
(155, 155, 13),
(156, 156, 0),
(157, 157, 16),
(158, 158, 1),
(159, 159, 30),
(160, 160, 1),
(161, 161, 6),
(162, 162, 6),
(163, 163, 22),
(164, 164, 4),
(165, 165, 0),
(166, 166, 0),
(167, 167, 2),
(168, 168, 8),
(169, 169, 144),
(170, 170, 6),
(171, 171, 3),
(172, 172, 2),
(173, 173, 38),
(174, 174, 6),
(175, 175, 5),
(176, 176, 2),
(177, 177, 29),
(178, 178, 2),
(179, 179, 7),
(180, 180, 4),
(181, 181, 20),
(182, 182, 4),
(183, 183, 1),
(184, 184, 6),
(185, 185, 11),
(186, 186, 0),
(187, 187, 5),
(188, 188, 0),
(189, 189, 1),
(190, 190, 3),
(191, 191, 2),
(192, 192, 9),
(193, 193, 0),
(194, 194, 3),
(195, 195, 6),
(196, 196, 9),
(197, 197, 2),
(198, 198, 1),
(199, 199, 0),
(200, 200, 33),
(201, 201, 2),
(202, 202, 0),
(203, 203, 2),
(204, 204, 4),
(205, 205, 2),
(206, 206, 0),
(207, 207, 4),
(208, 208, 5),
(209, 209, 1),
(210, 210, 2),
(211, 211, 6),
(212, 212, 2),
(213, 213, 3),
(214, 214, 1),
(215, 215, 4),
(216, 216, 2),
(217, 217, 2),
(218, 218, 41),
(219, 219, 3),
(220, 220, 16),
(221, 221, 2),
(222, 222, 6),
(223, 223, 1),
(224, 224, 18),
(225, 225, 2),
(226, 226, 9),
(227, 227, 3),
(228, 228, 6),
(229, 229, 64),
(230, 230, 9),
(231, 231, 2),
(232, 232, 0),
(233, 233, 6),
(234, 234, 1),
(235, 235, 1),
(236, 236, 3),
(237, 237, 12),
(238, 238, 4),
(239, 239, 2),
(240, 240, 10),
(241, 241, 6),
(242, 242, 4),
(243, 243, 9),
(244, 244, 18),
(245, 245, 372),
(246, 246, 4),
(247, 247, 0),
(248, 248, 0),
(249, 249, 1),
(250, 250, 1),
(251, 251, 4),
(252, 252, 6),
(253, 253, 6),
(254, 254, 11),
(255, 255, 10),
(256, 256, 30),
(257, 257, 2),
(258, 258, 4),
(259, 259, 10),
(260, 260, 9),
(261, 261, 0),
(262, 262, 13),
(263, 263, 2),
(264, 264, 0),
(265, 265, 7),
(266, 266, 3),
(267, 267, 2),
(268, 268, 13),
(269, 269, 26),
(270, 270, 2),
(271, 271, 6),
(272, 272, 7),
(273, 273, 22),
(274, 274, 1),
(275, 275, 18),
(276, 276, 36),
(277, 277, 0),
(278, 278, 23),
(279, 279, 11),
(280, 280, 7),
(281, 281, 1),
(282, 282, 1),
(283, 283, 0),
(284, 284, 1),
(285, 285, 11),
(286, 286, 4),
(287, 287, 0),
(288, 288, 14),
(289, 289, 103),
(290, 290, 5),
(291, 291, 0),
(292, 292, 5),
(293, 293, 0),
(294, 294, 1),
(295, 295, 0),
(296, 296, 5),
(297, 297, 5),
(298, 298, 0),
(299, 299, 0),
(300, 300, 0),
(301, 301, 11),
(302, 302, 1),
(303, 303, 9),
(304, 304, 4),
(305, 305, 0),
(306, 306, 2),
(307, 307, 12),
(308, 308, 4),
(309, 309, 3),
(310, 310, 8),
(311, 311, 0),
(312, 312, 2),
(313, 313, 2),
(314, 314, 3),
(315, 315, 0),
(316, 316, 9),
(317, 317, 0),
(318, 318, 2),
(319, 319, 2),
(320, 320, 18),
(321, 321, 0),
(322, 322, 2),
(323, 323, 2),
(324, 324, 20),
(325, 325, 2),
(326, 326, 2),
(327, 327, 1),
(328, 328, 3),
(329, 329, 16),
(330, 330, 7),
(331, 331, 20),
(332, 332, 1),
(333, 333, 0),
(334, 334, 0),
(335, 335, 2),
(336, 336, 1),
(337, 337, 2),
(338, 338, 4),
(339, 339, 25),
(340, 340, 25),
(341, 341, 6),
(342, 342, 2),
(343, 343, 5),
(344, 344, 6),
(345, 345, 3),
(346, 346, 3),
(347, 347, 37),
(348, 348, 1),
(349, 349, 12),
(350, 350, 45),
(351, 351, 3),
(352, 352, 4),
(353, 353, 6),
(354, 354, 4),
(355, 355, 2),
(356, 356, 12),
(357, 357, 3),
(358, 358, 2),
(359, 359, 1),
(360, 360, 25),
(361, 361, 3),
(362, 362, 0),
(363, 363, 1),
(364, 364, 1),
(365, 365, 9),
(366, 366, 1),
(367, 367, 4),
(368, 368, 12),
(369, 369, 4),
(370, 370, 2),
(371, 371, 45),
(372, 372, 17),
(373, 373, 7),
(374, 374, 2),
(375, 375, 0),
(376, 376, 0),
(377, 377, 0),
(378, 378, 8),
(379, 379, 2),
(380, 380, 51),
(381, 381, 8),
(382, 382, 11),
(383, 383, 1),
(384, 384, 2),
(385, 385, 3),
(386, 386, 5),
(387, 387, 0),
(388, 388, 0),
(389, 389, 0),
(390, 390, 4),
(391, 391, 0),
(392, 392, 6),
(393, 393, 1),
(394, 394, 1),
(395, 395, 3),
(396, 396, 1),
(397, 397, 1),
(398, 398, 5),
(399, 399, 1),
(400, 400, 9),
(401, 401, 5),
(402, 402, 9),
(403, 403, 4),
(404, 404, 1),
(405, 405, 1),
(406, 406, 1),
(407, 407, 2),
(408, 408, 2),
(409, 409, 1),
(410, 410, 4),
(411, 411, 7),
(412, 412, 1),
(413, 413, 1),
(414, 414, 2),
(415, 415, 3),
(416, 416, 7),
(417, 417, 3),
(418, 418, 0),
(419, 419, 1),
(420, 420, 0),
(421, 421, 0),
(422, 422, 0),
(423, 423, 0),
(424, 424, 8),
(425, 425, 0),
(426, 426, 2),
(427, 427, 0),
(428, 428, 4),
(429, 429, 0),
(430, 430, 0),
(431, 431, 0),
(432, 432, 0),
(433, 433, 0),
(434, 434, 12),
(435, 435, 1),
(436, 436, 11),
(437, 437, 16),
(438, 438, 0),
(439, 439, 2),
(440, 440, 1),
(441, 441, 1),
(442, 442, 0),
(443, 443, 10),
(444, 444, 1),
(445, 445, 0),
(446, 446, 1),
(447, 447, 10),
(448, 448, 6),
(449, 449, 2),
(450, 450, 6),
(451, 451, 3),
(452, 452, 0),
(453, 453, 4),
(454, 454, 3),
(455, 455, 14),
(456, 456, 5),
(457, 457, 1),
(458, 458, 6),
(459, 459, 5),
(460, 460, 2),
(461, 461, 146),
(462, 462, 5),
(463, 463, 19),
(464, 464, 8),
(465, 465, 9),
(466, 466, 4),
(467, 467, 3),
(468, 468, 1),
(469, 469, 5),
(470, 470, 10),
(471, 471, 4),
(472, 472, 7),
(473, 473, 0),
(474, 474, 4),
(475, 475, 0),
(476, 476, 0),
(477, 477, 7),
(478, 478, 1),
(479, 479, 1),
(480, 480, 7),
(481, 481, 56),
(482, 482, 0),
(483, 483, 3),
(484, 484, 2),
(485, 485, 2),
(486, 486, 0),
(487, 487, 2),
(488, 488, 1),
(489, 489, 21),
(490, 490, 1),
(491, 491, 1),
(492, 492, 1),
(493, 493, 0),
(494, 494, 17),
(495, 495, 10),
(496, 496, 5),
(497, 497, 0),
(498, 498, 4),
(499, 499, 7),
(500, 500, 0);

-- --------------------------------------------------------

--
-- Estructura de tabla para la tabla `compartir`
--

CREATE TABLE `compartir` (
  `Id` int(11) NOT NULL,
  `Id_publicacion` int(11) DEFAULT NULL,
  `numero_compartir` int(11) DEFAULT NULL
) ENGINE=InnoDB DEFAULT CHARSET=utf8mb4 COLLATE=utf8mb4_general_ci;

--
-- Volcado de datos para la tabla `compartir`
--

INSERT INTO `compartir` (`Id`, `Id_publicacion`, `numero_compartir`) VALUES
(1, 1, 17),
(2, 2, 29),
(3, 3, 14),
(4, 4, 147),
(5, 5, 49),
(6, 6, 33),
(7, 7, 27),
(8, 8, 14),
(9, 9, 31),
(10, 10, 26),
(11, 11, 19),
(12, 12, 18),
(13, 13, 14),
(14, 14, 10),
(15, 15, 20),
(16, 16, 18),
(17, 17, 12),
(18, 18, 20),
(19, 19, 17),
(20, 20, 8),
(21, 21, 12),
(22, 22, 0),
(23, 23, 2),
(24, 24, 24),
(25, 25, 19),
(26, 26, 18),
(27, 27, 72),
(28, 28, 17),
(29, 29, 63),
(30, 30, 13),
(31, 31, 22),
(32, 32, 11),
(33, 33, 47),
(34, 34, 23),
(35, 35, 17),
(36, 36, 21),
(37, 37, 17),
(38, 38, 8),
(39, 39, 31),
(40, 40, 14),
(41, 41, 39),
(42, 42, 18),
(43, 43, 3),
(44, 44, 10),
(45, 45, 11),
(46, 46, 10),
(47, 47, 36),
(48, 48, 8),
(49, 49, 15),
(50, 50, 1),
(51, 51, 9),
(52, 52, 28),
(53, 53, 31),
(54, 54, 19),
(55, 55, 13),
(56, 56, 14),
(57, 57, 54),
(58, 58, 13),
(59, 59, 11),
(60, 60, 17),
(61, 61, 14),
(62, 62, 10),
(63, 63, 13),
(64, 64, 22),
(65, 65, 7),
(66, 66, 23),
(67, 67, 7),
(68, 68, 70),
(69, 69, 17),
(70, 70, 28),
(71, 71, 9),
(72, 72, 84),
(73, 73, 44),
(74, 74, 47),
(75, 75, 13),
(76, 76, 74),
(77, 77, 0),
(78, 78, 8),
(79, 79, 8),
(80, 80, 7),
(81, 81, 13),
(82, 82, 53),
(83, 83, 57),
(84, 84, 19),
(85, 85, 16),
(86, 86, 8),
(87, 87, 31),
(88, 88, 38),
(89, 89, 6),
(90, 90, 17),
(91, 91, 77),
(92, 92, 13),
(93, 93, 32),
(94, 94, 16),
(95, 95, 22),
(96, 96, 27),
(97, 97, 11),
(98, 98, 26),
(99, 99, 61),
(100, 100, 90),
(101, 101, 0),
(102, 102, 95),
(103, 103, 14),
(104, 104, 4),
(105, 105, 9),
(106, 106, 139),
(107, 107, 32),
(108, 108, 28),
(109, 109, 16),
(110, 110, 50),
(111, 111, 4),
(112, 112, NULL),
(113, 113, 18),
(114, 114, 16),
(115, 115, 2),
(116, 116, 2),
(117, 117, 26),
(118, 118, 0),
(119, 119, 2),
(120, 120, 2),
(121, 121, NULL),
(122, 122, 40),
(123, 123, 2),
(124, 124, 2),
(125, 125, NULL),
(126, 126, 2),
(127, 127, 41),
(128, 128, 1),
(129, 129, 1),
(130, 130, 0),
(131, 131, 2),
(132, 132, 3),
(133, 133, 2),
(134, 134, 1),
(135, 135, 4),
(136, 136, 12),
(137, 137, 16),
(138, 138, 3),
(139, 139, 25),
(140, 140, 19),
(141, 141, 44),
(142, 142, 36),
(143, 143, 90),
(144, 144, 60),
(145, 145, 9),
(146, 146, 14),
(147, 147, 15),
(148, 148, 14),
(149, 149, 28),
(150, 150, 11),
(151, 151, 41),
(152, 152, 32),
(153, 153, 49),
(154, 154, 25),
(155, 155, 55),
(156, 156, 16),
(157, 157, 30),
(158, 158, 21),
(159, 159, 35),
(160, 160, 13),
(161, 161, 40),
(162, 162, 32),
(163, 163, 98),
(164, 164, 41),
(165, 165, NULL),
(166, 166, 19),
(167, 167, 5),
(168, 168, 64),
(169, 169, 208),
(170, 170, 16),
(171, 171, 26),
(172, 172, 6),
(173, 173, 27),
(174, 174, 40),
(175, 175, 34),
(176, 176, 22),
(177, 177, 98),
(178, 178, 40),
(179, 179, 42),
(180, 180, 36),
(181, 181, 29),
(182, 182, 8),
(183, 183, 44),
(184, 184, 121),
(185, 185, 11),
(186, 186, 10),
(187, 187, 35),
(188, 188, 6),
(189, 189, 12),
(190, 190, 15),
(191, 191, 15),
(192, 192, 43),
(193, 193, 7),
(194, 194, 17),
(195, 195, 42),
(196, 196, 43),
(197, 197, 7),
(198, 198, 7),
(199, 199, 2),
(200, 200, 102),
(201, 201, 25),
(202, 202, 5),
(203, 203, 15),
(204, 204, 19),
(205, 205, 16),
(206, 206, 3),
(207, 207, 68),
(208, 208, 20),
(209, 209, 11),
(210, 210, 22),
(211, 211, 3),
(212, 212, 21),
(213, 213, 11),
(214, 214, 3),
(215, 215, 31),
(216, 216, 10),
(217, 217, 9),
(218, 218, 1),
(219, 219, 10),
(220, 220, 28),
(221, 221, 8),
(222, 222, 27),
(223, 223, 11),
(224, 224, 54),
(225, 225, 21),
(226, 226, 17),
(227, 227, 26),
(228, 228, 11),
(229, 229, 25),
(230, 230, 19),
(231, 231, 20),
(232, 232, 20),
(233, 233, 1),
(234, 234, 10),
(235, 235, 21),
(236, 236, 1),
(237, 237, 45),
(238, 238, 23),
(239, 239, 25),
(240, 240, 31),
(241, 241, 83),
(242, 242, 22),
(243, 243, 79),
(244, 244, 76),
(245, 245, 790),
(246, 246, 30),
(247, 247, 15),
(248, 248, 19),
(249, 249, 19),
(250, 250, 14),
(251, 251, 10),
(252, 252, 34),
(253, 253, 42),
(254, 254, 51),
(255, 255, 58),
(256, 256, 8),
(257, 257, 32),
(258, 258, 10),
(259, 259, 26),
(260, 260, 41),
(261, 261, 15),
(262, 262, 43),
(263, 263, 16),
(264, 264, 9),
(265, 265, 60),
(266, 266, 10),
(267, 267, 24),
(268, 268, 13),
(269, 269, 7),
(270, 270, 4),
(271, 271, 28),
(272, 272, 47),
(273, 273, 31),
(274, 274, 27),
(275, 275, 7),
(276, 276, 14),
(277, 277, 5),
(278, 278, 44),
(279, 279, 5),
(280, 280, 39),
(281, 281, 8),
(282, 282, 17),
(283, 283, 13),
(284, 284, 4),
(285, 285, 12),
(286, 286, 18),
(287, 287, 3),
(288, 288, 9),
(289, 289, 33),
(290, 290, 5),
(291, 291, 2),
(292, 292, 26),
(293, 293, 5),
(294, 294, 23),
(295, 295, 21),
(296, 296, 7),
(297, 297, 19),
(298, 298, 10),
(299, 299, 16),
(300, 300, 1),
(301, 301, 43),
(302, 302, 16),
(303, 303, 28),
(304, 304, 29),
(305, 305, 7),
(306, 306, 28),
(307, 307, 28),
(308, 308, 26),
(309, 309, 18),
(310, 310, 20),
(311, 311, 3),
(312, 312, 13),
(313, 313, 12),
(314, 314, 14),
(315, 315, 4),
(316, 316, 23),
(317, 317, 17),
(318, 318, 14),
(319, 319, 44),
(320, 320, 49),
(321, 321, 5),
(322, 322, 6),
(323, 323, 14),
(324, 324, 47),
(325, 325, 6),
(326, 326, 10),
(327, 327, 17),
(328, 328, 22),
(329, 329, 58),
(330, 330, 34),
(331, 331, 32),
(332, 332, 26),
(333, 333, 10),
(334, 334, 20),
(335, 335, 10),
(336, 336, 37),
(337, 337, 9),
(338, 338, 16),
(339, 339, 44),
(340, 340, 58),
(341, 341, 36),
(342, 342, 17),
(343, 343, 33),
(344, 344, 29),
(345, 345, 14),
(346, 346, 20),
(347, 347, 90),
(348, 348, 13),
(349, 349, 23),
(350, 350, 122),
(351, 351, 32),
(352, 352, 33),
(353, 353, 39),
(354, 354, 25),
(355, 355, 18),
(356, 356, 38),
(357, 357, 16),
(358, 358, 40),
(359, 359, 29),
(360, 360, 54),
(361, 361, 24),
(362, 362, 18),
(363, 363, 36),
(364, 364, 30),
(365, 365, 33),
(366, 366, 32),
(367, 367, 47),
(368, 368, 39),
(369, 369, 9),
(370, 370, 35),
(371, 371, 76),
(372, 372, 123),
(373, 373, 11),
(374, 374, 26),
(375, 375, 16),
(376, 376, 30),
(377, 377, 13),
(378, 378, 51),
(379, 379, 11),
(380, 380, 128),
(381, 381, 18),
(382, 382, 34),
(383, 383, 22),
(384, 384, 28),
(385, 385, 13),
(386, 386, 38),
(387, 387, 8),
(388, 388, 14),
(389, 389, 5),
(390, 390, 3),
(391, 391, 14),
(392, 392, 109),
(393, 393, 18),
(394, 394, 13),
(395, 395, 21),
(396, 396, 6),
(397, 397, 27),
(398, 398, 11),
(399, 399, 18),
(400, 400, 52),
(401, 401, 26),
(402, 402, 38),
(403, 403, 17),
(404, 404, 40),
(405, 405, 24),
(406, 406, 26),
(407, 407, 25),
(408, 408, 9),
(409, 409, 7),
(410, 410, 26),
(411, 411, 24),
(412, 412, 15),
(413, 413, 14),
(414, 414, 16),
(415, 415, 29),
(416, 416, 15),
(417, 417, 6),
(418, 418, 0),
(419, 419, 11),
(420, 420, 14),
(421, 421, 13),
(422, 422, 7),
(423, 423, 0),
(424, 424, 3),
(425, 425, 6),
(426, 426, 15),
(427, 427, 1),
(428, 428, 13),
(429, 429, 0),
(430, 430, 0),
(431, 431, 0),
(432, 432, 0),
(433, 433, 1),
(434, 434, 14),
(435, 435, 1),
(436, 436, 4),
(437, 437, 0),
(438, 438, 13),
(439, 439, 15),
(440, 440, 9),
(441, 441, 7),
(442, 442, 0),
(443, 443, 97),
(444, 444, 10),
(445, 445, 20),
(446, 446, 7),
(447, 447, 21),
(448, 448, 24),
(449, 449, 6),
(450, 450, 26),
(451, 451, 21),
(452, 452, 29),
(453, 453, 15),
(454, 454, 27),
(455, 455, 70),
(456, 456, 53),
(457, 457, 6),
(458, 458, 18),
(459, 459, 32),
(460, 460, 32),
(461, 461, 181),
(462, 462, 11),
(463, 463, 78),
(464, 464, 34),
(465, 465, 36),
(466, 466, 38),
(467, 467, 21),
(468, 468, 37),
(469, 469, 36),
(470, 470, 61),
(471, 471, 13),
(472, 472, 57),
(473, 473, 15),
(474, 474, 42),
(475, 475, 13),
(476, 476, 19),
(477, 477, 47),
(478, 478, 5),
(479, 479, 31),
(480, 480, 36),
(481, 481, 99),
(482, 482, 2),
(483, 483, 36),
(484, 484, 26),
(485, 485, 24),
(486, 486, 2),
(487, 487, 25),
(488, 488, 21),
(489, 489, 80),
(490, 490, 28),
(491, 491, 30),
(492, 492, 46),
(493, 493, 9),
(494, 494, 55),
(495, 495, 41),
(496, 496, 26),
(497, 497, 22),
(498, 498, 18),
(499, 499, 38),
(500, 500, 28);

-- --------------------------------------------------------

--
-- Estructura de tabla para la tabla `likes`
--

CREATE TABLE `likes` (
  `Id` int(11) NOT NULL,
  `Id_publicacion` int(11) DEFAULT NULL,
  `numero_gusta` int(11) DEFAULT NULL
) ENGINE=InnoDB DEFAULT CHARSET=utf8mb4 COLLATE=utf8mb4_general_ci;

--
-- Volcado de datos para la tabla `likes`
--

INSERT INTO `likes` (`Id`, `Id_publicacion`, `numero_gusta`) VALUES
(1, 1, 79),
(2, 2, 130),
(3, 3, 66),
(4, 4, 1572),
(5, 5, 325),
(6, 6, 152),
(7, 7, 249),
(8, 8, 325),
(9, 9, 161),
(10, 10, 113),
(11, 11, 233),
(12, 12, 88),
(13, 13, 90),
(14, 14, 137),
(15, 15, 577),
(16, 16, 86),
(17, 17, 40),
(18, 18, 678),
(19, 19, 54),
(20, 20, 34),
(21, 21, 66),
(22, 22, 0),
(23, 23, 16),
(24, 24, 72),
(25, 25, 99),
(26, 26, 88),
(27, 27, 412),
(28, 28, 100),
(29, 29, 523),
(30, 30, 143),
(31, 31, 107),
(32, 32, 27),
(33, 33, 155),
(34, 34, 98),
(35, 35, 56),
(36, 36, 172),
(37, 37, 96),
(38, 38, 76),
(39, 39, 227),
(40, 40, 44),
(41, 41, 216),
(42, 42, 187),
(43, 43, 26),
(44, 44, 29),
(45, 45, 47),
(46, 46, 57),
(47, 47, 174),
(48, 48, 18),
(49, 49, 77),
(50, 50, 12),
(51, 51, 48),
(52, 52, 285),
(53, 53, 202),
(54, 54, 64),
(55, 55, 66),
(56, 56, 65),
(57, 57, 164),
(58, 58, 40),
(59, 59, 76),
(60, 60, 139),
(61, 61, 101),
(62, 62, 144),
(63, 63, 179),
(64, 64, 219),
(65, 65, 60),
(66, 66, 77),
(67, 67, 48),
(68, 68, 697),
(69, 69, 53),
(70, 70, 84),
(71, 71, 146),
(72, 72, 449),
(73, 73, 226),
(74, 74, 172),
(75, 75, 99),
(76, 76, 411),
(77, 77, 0),
(78, 78, 85),
(79, 79, 56),
(80, 80, 29),
(81, 81, 86),
(82, 82, 370),
(83, 83, 190),
(84, 84, 101),
(85, 85, 99),
(86, 86, 140),
(87, 87, 130),
(88, 88, 270),
(89, 89, 30),
(90, 90, 107),
(91, 91, 331),
(92, 92, 78),
(93, 93, 301),
(94, 94, 111),
(95, 95, 124),
(96, 96, 153),
(97, 97, 51),
(98, 98, 115),
(99, 99, 310),
(100, 100, 328),
(101, 101, 0),
(102, 102, 1505),
(103, 103, 63),
(104, 104, 13),
(105, 105, 59),
(106, 106, 955),
(107, 107, 181),
(108, 108, 193),
(109, 109, 125),
(110, 110, 217),
(111, 111, 28),
(112, 112, NULL),
(113, 113, 117),
(114, 114, 79),
(115, 115, 15),
(116, 116, 4),
(117, 117, 431),
(118, 118, 7),
(119, 119, 7),
(120, 120, 6),
(121, 121, 2),
(122, 122, 186),
(123, 123, 1),
(124, 124, 3),
(125, 125, 7),
(126, 126, 7),
(127, 127, 198),
(128, 128, 9),
(129, 129, 4),
(130, 130, 3),
(131, 131, 8),
(132, 132, 7),
(133, 133, 7),
(134, 134, 11),
(135, 135, 28),
(136, 136, 56),
(137, 137, 32),
(138, 138, 32),
(139, 139, 129),
(140, 140, 77),
(141, 141, 143),
(142, 142, 227),
(143, 143, 859),
(144, 144, 377),
(145, 145, 41),
(146, 146, 76),
(147, 147, 189),
(148, 148, 80),
(149, 149, 148),
(150, 150, 24),
(151, 151, 302),
(152, 152, 166),
(153, 153, 358),
(154, 154, 161),
(155, 155, 319),
(156, 156, 54),
(157, 157, 117),
(158, 158, 115),
(159, 159, 187),
(160, 160, 84),
(161, 161, 363),
(162, 162, 244),
(163, 163, 290),
(164, 164, 243),
(165, 165, 18),
(166, 166, 113),
(167, 167, 77),
(168, 168, 485),
(169, 169, 1622),
(170, 170, 99),
(171, 171, 188),
(172, 172, 30),
(173, 173, 163),
(174, 174, 179),
(175, 175, 204),
(176, 176, 165),
(177, 177, 1047),
(178, 178, 234),
(179, 179, 250),
(180, 180, 154),
(181, 181, 150),
(182, 182, 102),
(183, 183, 226),
(184, 184, 345),
(185, 185, 68),
(186, 186, 62),
(187, 187, 223),
(188, 188, 61),
(189, 189, 104),
(190, 190, 146),
(191, 191, 102),
(192, 192, 766),
(193, 193, 63),
(194, 194, 113),
(195, 195, 442),
(196, 196, 278),
(197, 197, 64),
(198, 198, 52),
(199, 199, 30),
(200, 200, 1155),
(201, 201, 139),
(202, 202, 40),
(203, 203, 53),
(204, 204, 220),
(205, 205, 114),
(206, 206, 39),
(207, 207, 859),
(208, 208, 137),
(209, 209, 54),
(210, 210, 74),
(211, 211, 98),
(212, 212, 264),
(213, 213, 36),
(214, 214, 11),
(215, 215, 435),
(216, 216, 114),
(217, 217, 17),
(218, 218, 15),
(219, 219, 87),
(220, 220, 227),
(221, 221, 86),
(222, 222, 179),
(223, 223, 74),
(224, 224, 332),
(225, 225, 80),
(226, 226, 95),
(227, 227, 188),
(228, 228, 109),
(229, 229, 367),
(230, 230, 102),
(231, 231, 113),
(232, 232, 94),
(233, 233, 14),
(234, 234, 43),
(235, 235, 98),
(236, 236, 13),
(237, 237, 237),
(238, 238, 112),
(239, 239, 101),
(240, 240, 145),
(241, 241, 535),
(242, 242, 118),
(243, 243, 484),
(244, 244, 315),
(245, 245, 5172),
(246, 246, 154),
(247, 247, 73),
(248, 248, 96),
(249, 249, 98),
(250, 250, 53),
(251, 251, 71),
(252, 252, 194),
(253, 253, 226),
(254, 254, 238),
(255, 255, 755),
(256, 256, 47),
(257, 257, 126),
(258, 258, 104),
(259, 259, 167),
(260, 260, 152),
(261, 261, 128),
(262, 262, 234),
(263, 263, 61),
(264, 264, 66),
(265, 265, 529),
(266, 266, 42),
(267, 267, 75),
(268, 268, 61),
(269, 269, 162),
(270, 270, 47),
(271, 271, 696),
(272, 272, 215),
(273, 273, 534),
(274, 274, 143),
(275, 275, 46),
(276, 276, 98),
(277, 277, 25),
(278, 278, 204),
(279, 279, 202),
(280, 280, 148),
(281, 281, 40),
(282, 282, 71),
(283, 283, 104),
(284, 284, 34),
(285, 285, 129),
(286, 286, 72),
(287, 287, 15),
(288, 288, 102),
(289, 289, 469),
(290, 290, 57),
(291, 291, 23),
(292, 292, 141),
(293, 293, 19),
(294, 294, 71),
(295, 295, 72),
(296, 296, 54),
(297, 297, 93),
(298, 298, 62),
(299, 299, 78),
(300, 300, 14),
(301, 301, 231),
(302, 302, 72),
(303, 303, 197),
(304, 304, 330),
(305, 305, 148),
(306, 306, 208),
(307, 307, 148),
(308, 308, 154),
(309, 309, 142),
(310, 310, 107),
(311, 311, 22),
(312, 312, 84),
(313, 313, 59),
(314, 314, 65),
(315, 315, 24),
(316, 316, 186),
(317, 317, 58),
(318, 318, 74),
(319, 319, 180),
(320, 320, 168),
(321, 321, 36),
(322, 322, 51),
(323, 323, 67),
(324, 324, 1372),
(325, 325, 57),
(326, 326, 33),
(327, 327, 79),
(328, 328, 97),
(329, 329, 617),
(330, 330, 139),
(331, 331, 199),
(332, 332, 107),
(333, 333, 50),
(334, 334, 64),
(335, 335, 55),
(336, 336, 142),
(337, 337, 72),
(338, 338, 79),
(339, 339, 244),
(340, 340, 307),
(341, 341, 212),
(342, 342, 95),
(343, 343, 194),
(344, 344, 101),
(345, 345, 46),
(346, 346, 156),
(347, 347, 821),
(348, 348, 58),
(349, 349, 155),
(350, 350, 1639),
(351, 351, 155),
(352, 352, 166),
(353, 353, 210),
(354, 354, 400),
(355, 355, 98),
(356, 356, 138),
(357, 357, 148),
(358, 358, 267),
(359, 359, 144),
(360, 360, 256),
(361, 361, 72),
(362, 362, 87),
(363, 363, 129),
(364, 364, 179),
(365, 365, 194),
(366, 366, 124),
(367, 367, 304),
(368, 368, 138),
(369, 369, 41),
(370, 370, 163),
(371, 371, 407),
(372, 372, 447),
(373, 373, 38),
(374, 374, 93),
(375, 375, 59),
(376, 376, 286),
(377, 377, 66),
(378, 378, 236),
(379, 379, 152),
(380, 380, 1998),
(381, 381, 186),
(382, 382, 235),
(383, 383, 64),
(384, 384, 92),
(385, 385, 53),
(386, 386, 140),
(387, 387, 48),
(388, 388, 112),
(389, 389, 35),
(390, 390, 37),
(391, 391, 48),
(392, 392, 766),
(393, 393, 96),
(394, 394, 57),
(395, 395, 114),
(396, 396, 51),
(397, 397, 87),
(398, 398, 81),
(399, 399, 71),
(400, 400, 164),
(401, 401, 91),
(402, 402, 329),
(403, 403, 128),
(404, 404, 379),
(405, 405, 52),
(406, 406, 63),
(407, 407, 97),
(408, 408, 56),
(409, 409, 36),
(410, 410, 138),
(411, 411, 142),
(412, 412, 75),
(413, 413, 89),
(414, 414, 63),
(415, 415, 176),
(416, 416, 227),
(417, 417, 25),
(418, 418, 0),
(419, 419, 27),
(420, 420, 39),
(421, 421, 61),
(422, 422, 32),
(423, 423, 2),
(424, 424, 109),
(425, 425, 32),
(426, 426, 68),
(427, 427, 6),
(428, 428, 213),
(429, 429, 2),
(430, 430, 3),
(431, 431, 6),
(432, 432, 4),
(433, 433, 4),
(434, 434, 211),
(435, 435, 15),
(436, 436, 95),
(437, 437, 127),
(438, 438, 136),
(439, 439, 32),
(440, 440, 76),
(441, 441, 28),
(442, 442, 0),
(443, 443, 664),
(444, 444, 62),
(445, 445, 48),
(446, 446, 55),
(447, 447, 197),
(448, 448, 88),
(449, 449, 59),
(450, 450, 234),
(451, 451, 148),
(452, 452, 96),
(453, 453, 49),
(454, 454, 98),
(455, 455, 198),
(456, 456, 159),
(457, 457, 22),
(458, 458, 154),
(459, 459, 128),
(460, 460, 129),
(461, 461, 1546),
(462, 462, 79),
(463, 463, 214),
(464, 464, 134),
(465, 465, 268),
(466, 466, 128),
(467, 467, 47),
(468, 468, 200),
(469, 469, 264),
(470, 470, 193),
(471, 471, 114),
(472, 472, 160),
(473, 473, 46),
(474, 474, 136),
(475, 475, 73),
(476, 476, 65),
(477, 477, 579),
(478, 478, 101),
(479, 479, 74),
(480, 480, 84),
(481, 481, 360),
(482, 482, 5),
(483, 483, 187),
(484, 484, 69),
(485, 485, 82),
(486, 486, 12),
(487, 487, 56),
(488, 488, 44),
(489, 489, 277),
(490, 490, 74),
(491, 491, 79),
(492, 492, 105),
(493, 493, 128),
(494, 494, 185),
(495, 495, 125),
(496, 496, 53),
(497, 497, 53),
(498, 498, 93),
(499, 499, 91),
(500, 500, 91);

-- --------------------------------------------------------

--
-- Estructura de tabla para la tabla `publicaciones`
--

CREATE TABLE `publicaciones` (
  `Id` int(11) NOT NULL,
  `Tipo_publicacion` varchar(255) DEFAULT NULL,
  `mes_publicacion` int(11) DEFAULT NULL,
  `dia_publicacion` int(11) DEFAULT NULL,
  `hora_publicacion` varchar(10) DEFAULT NULL,
  `pagado` tinyint(1) DEFAULT NULL
) ENGINE=InnoDB DEFAULT CHARSET=utf8mb4 COLLATE=utf8mb4_general_ci;

--
-- Volcado de datos para la tabla `publicaciones`
--

INSERT INTO `publicaciones` (`Id`, `Tipo_publicacion`, `mes_publicacion`, `dia_publicacion`, `hora_publicacion`, `pagado`) VALUES
(1, 'Photo', 12, 4, '3', 0),
(2, 'Status', 12, 3, '10', 0),
(3, 'Photo', 12, 3, '3', 0),
(4, 'Photo', 12, 2, '10', 1),
(5, 'Photo', 12, 2, '3', 0),
(6, 'Status', 12, 1, '9', 0),
(7, 'Photo', 12, 1, '3', 1),
(8, 'Photo', 12, 7, '9', 1),
(9, 'Status', 12, 7, '3', 0),
(10, 'Photo', 12, 6, '10', 0),
(11, 'Status', 12, 5, '10', 0),
(12, 'Photo', 12, 5, '10', 0),
(13, 'Photo', 12, 5, '10', 0),
(14, 'Photo', 12, 5, '3', 0),
(15, 'Photo', 12, 4, '5', 1),
(16, 'Status', 12, 3, '10', 0),
(17, 'Photo', 12, 3, '3', 0),
(18, 'Photo', 12, 2, '12', 1),
(19, 'Status', 12, 2, '3', 0),
(20, 'Photo', 12, 1, '11', 0),
(21, 'Photo', 12, 1, '3', 0),
(22, 'Photo', 12, 7, '10', 0),
(23, 'Link', 12, 7, '10', 0),
(24, 'Photo', 12, 7, '3', 0),
(25, 'Status', 12, 6, '10', 0),
(26, 'Status', 12, 6, '3', 0),
(27, 'Status', 12, 5, '11', 0),
(28, 'Photo', 12, 5, '3', 0),
(29, 'Photo', 12, 5, '3', 0),
(30, 'Video', 12, 4, '11', 1),
(31, 'Photo', 12, 4, '2', 0),
(32, 'Photo', 12, 3, '10', 0),
(33, 'Photo', 12, 3, '3', 0),
(34, 'Photo', 12, 2, '9', 0),
(35, 'Photo', 12, 2, '3', 0),
(36, 'Photo', 12, 1, '11', 0),
(37, 'Photo', 12, 1, '3', 0),
(38, 'Photo', 12, 7, '10', 1),
(39, 'Status', 12, 7, '9', 0),
(40, 'Photo', 12, 7, '3', 0),
(41, 'Status', 12, 6, '11', 0),
(42, 'Link', 12, 6, '3', 1),
(43, 'Photo', 12, 5, '10', 0),
(44, 'Link', 12, 5, '3', 1),
(45, 'Photo', 12, 4, '11', 0),
(46, 'Link', 12, 4, '3', 1),
(47, 'Status', 12, 3, '11', 0),
(48, 'Link', 12, 3, '2', 0),
(49, 'Photo', 12, 2, '11', 0),
(50, 'Link', 12, 2, '2', 0),
(51, 'Photo', 11, 1, '9', 0),
(52, 'Photo', 11, 1, '3', 1),
(53, 'Photo', 11, 7, '9', 0),
(54, 'Photo', 11, 7, '3', 0),
(55, 'Photo', 11, 6, '10', 0),
(56, 'Video', 11, 6, '2', 1),
(57, 'Photo', 11, 5, '11', 0),
(58, 'Photo', 11, 5, '3', 0),
(59, 'Photo', 11, 4, '10', 0),
(60, 'Photo', 11, 4, '3', 1),
(61, 'Photo', 11, 3, '11', 1),
(62, 'Photo', 11, 3, '2', 1),
(63, 'Photo', 11, 2, '10', 1),
(64, 'Photo', 11, 2, '3', 1),
(65, 'Photo', 11, 1, '10', 0),
(66, 'Photo', 11, 1, '3', 0),
(67, 'Photo', 11, 7, '11', 0),
(68, 'Photo', 11, 7, '3', 1),
(69, 'Photo', 11, 6, '11', 0),
(70, 'Photo', 11, 6, '3', 0),
(71, 'Photo', 11, 5, '10', 1),
(72, 'Video', 11, 5, '3', 1),
(73, 'Status', 11, 4, '11', 0),
(74, 'Photo', 11, 4, '2', 1),
(75, 'Video', 11, 3, '11', 0),
(76, 'Photo', 11, 3, '2', 1),
(77, 'Photo', 11, 3, '2', 0),
(78, 'Photo', 11, 1, '10', 0),
(79, 'Photo', 11, 1, '3', 0),
(80, 'Photo', 11, 7, '12', 0),
(81, 'Status', 11, 7, '3', 0),
(82, 'Photo', 11, 6, '10', 0),
(83, 'Photo', 11, 6, '3', 0),
(84, 'Photo', 11, 5, '10', 1),
(85, 'Status', 11, 5, '2', 0),
(86, 'Photo', 11, 4, '9', 1),
(87, 'Link', 11, 4, '3', 0),
(88, 'Photo', 11, 3, '10', 0),
(89, 'Photo', 11, 3, '3', 0),
(90, 'Photo', 11, 2, '11', 1),
(91, 'Photo', 11, 2, '3', 0),
(92, 'Photo', 11, 1, '9', 0),
(93, 'Photo', 11, 1, '3', 0),
(94, 'Photo', 11, 7, '9', 0),
(95, 'Photo', 11, 7, '4', 0),
(96, 'Photo', 10, 6, '10', 0),
(97, 'Photo', 10, 6, '3', 0),
(98, 'Photo', 10, 5, '11', 0),
(99, 'Status', 10, 5, '3', 1),
(100, 'Photo', 10, 4, '10', 0),
(101, 'Photo', 10, 4, '9', 1),
(102, 'Photo', 10, 4, '3', 0),
(103, 'Photo', 10, 3, '10', 0),
(104, 'Photo', 10, 3, '4', 0),
(105, 'Photo', 10, 2, '11', 1),
(106, 'Photo', 10, 2, '4', 0),
(107, 'Photo', 10, 1, '11', 0),
(108, 'Status', 10, 1, '4', 0),
(109, 'Photo', 10, 7, '9', 0),
(110, 'Status', 10, 7, '3', 0),
(111, 'Photo', 10, 6, '10', 0),
(112, 'Photo', 10, 6, '8', 0),
(113, 'Photo', 10, 6, '4', 0),
(114, 'Photo', 10, 1, '3', 1),
(115, 'Photo', 10, 7, '13', 0),
(116, 'Photo', 10, 7, '12', 1),
(117, 'Photo', 10, 7, '12', 0),
(118, 'Photo', 10, 7, '11', 0),
(119, 'Photo', 10, 7, '10', 0),
(120, 'Photo', 10, 7, '10', 0),
(121, 'Photo', 10, 7, '9', 0),
(122, 'Status', 10, 7, '9', 0),
(123, 'Photo', 10, 7, '8', 0),
(124, 'Photo', 10, 7, '7', 0),
(125, 'Photo', 10, 7, '6', 0),
(126, 'Photo', 10, 7, '5', 0),
(127, 'Photo', 10, 7, '3', 0),
(128, 'Photo', 10, 6, '13', 0),
(129, 'Photo', 10, 6, '13', 0),
(130, 'Photo', 10, 6, '12', 0),
(131, 'Photo', 10, 6, '11', 0),
(132, 'Photo', 10, 6, '9', 0),
(133, 'Photo', 10, 6, '9', 0),
(134, 'Photo', 10, 6, '8', 0),
(135, 'Photo', 10, 6, '6', 0),
(136, 'Photo', 10, 6, '2', 0),
(137, 'Link', 10, 5, '10', 0),
(138, 'Photo', 10, 5, '8', 0),
(139, 'Status', 10, 5, '3', 0),
(140, 'Photo', 10, 4, '10', 1),
(141, 'Link', 10, 4, '3', 0),
(142, 'Status', 10, 3, '10', 0),
(143, 'Status', 10, 3, '2', 1),
(144, 'Photo', 10, 2, '10', 1),
(145, 'Photo', 10, 2, '3', 1),
(146, 'Photo', 10, 1, '10', 1),
(147, 'Photo', 10, 1, '3', 0),
(148, 'Photo', 10, 7, '10', 0),
(149, 'Status', 10, 7, '4', 0),
(150, 'Link', 10, 6, '11', 1),
(151, 'Photo', 10, 6, '4', 0),
(152, 'Photo', 10, 5, '11', 0),
(153, 'Photo', 10, 5, '4', 1),
(154, 'Photo', 10, 4, '10', 0),
(155, 'Photo', 10, 4, '1', 0),
(156, 'Photo', 9, 3, '7', 0),
(157, 'Photo', 9, 2, '11', 0),
(158, 'Photo', 9, 2, '2', 0),
(159, 'Photo', 9, 1, '10', 0),
(160, 'Photo', 9, 1, '3', 1),
(161, 'Photo', 9, 7, '9', 0),
(162, 'Photo', 9, 7, '3', 0),
(163, 'Photo', 9, 6, '10', 0),
(164, 'Status', 9, 6, '4', 0),
(165, 'Photo', 9, 5, '10', 0),
(166, 'Photo', 9, 5, '3', 1),
(167, 'Photo', 9, 4, '10', 1),
(168, 'Photo', 9, 4, '2', 1),
(169, 'Photo', 9, 3, '10', 0),
(170, 'Photo', 9, 3, '2', 1),
(171, 'Photo', 9, 2, '9', 0),
(172, 'Photo', 9, 2, '2', 0),
(173, 'Status', 9, 1, '10', 0),
(174, 'Photo', 9, 1, '4', 0),
(175, 'Photo', 9, 7, '3', 0),
(176, 'Status', 9, 6, '10', 1),
(177, 'Photo', 9, 6, '3', 1),
(178, 'Photo', 9, 5, '11', 0),
(179, 'Photo', 9, 5, '2', 0),
(180, 'Photo', 9, 4, '10', 0),
(181, 'Status', 9, 4, '4', 1),
(182, 'Photo', 9, 3, '10', 0),
(183, 'Photo', 9, 3, '2', 1),
(184, 'Video', 9, 2, '10', 0),
(185, 'Photo', 9, 2, '3', 0),
(186, 'Photo', 9, 1, '10', 0),
(187, 'Photo', 9, 1, '6', 0),
(188, 'Photo', 9, 7, '10', 0),
(189, 'Photo', 9, 7, '4', 1),
(190, 'Photo', 9, 2, '10', 0),
(191, 'Photo', 9, 2, '3', 1),
(192, 'Photo', 8, 1, '10', 0),
(193, 'Photo', 8, 1, '4', 0),
(194, 'Photo', 8, 7, '10', 1),
(195, 'Photo', 8, 7, '3', 0),
(196, 'Photo', 8, 6, '10', 0),
(197, 'Photo', 8, 6, '8', 0),
(198, 'Photo', 8, 5, '13', 0),
(199, 'Photo', 8, 4, '9', 1),
(200, 'Photo', 8, 4, '10', 0),
(201, 'Photo', 8, 4, '3', 1),
(202, 'Photo', 8, 3, '9', 0),
(203, 'Status', 8, 3, '2', 1),
(204, 'Photo', 8, 2, '10', 0),
(205, 'Photo', 8, 2, '3', 0),
(206, 'Photo', 8, 1, '12', 1),
(207, 'Photo', 8, 1, '3', 0),
(208, 'Photo', 8, 7, '10', 0),
(209, 'Photo', 8, 7, '3', 0),
(210, 'Photo', 8, 6, '10', 1),
(211, 'Photo', 8, 6, '3', 1),
(212, 'Photo', 8, 5, '10', 0),
(213, 'Photo', 8, 5, '1', 0),
(214, 'Photo', 8, 4, '11', 1),
(215, 'Photo', 8, 4, '3', 1),
(216, 'Photo', 8, 3, '10', 0),
(217, 'Photo', 8, 3, '4', 0),
(218, 'Status', 8, 2, '12', 0),
(219, 'Photo', 8, 2, '7', 0),
(220, 'Photo', 8, 1, '12', 0),
(221, 'Photo', 8, 1, '4', 0),
(222, 'Photo', 8, 7, '10', 0),
(223, 'Status', 8, 7, '4', 0),
(224, 'Status', 8, 6, '10', 1),
(225, 'Photo', 8, 6, '6', 0),
(226, 'Status', 7, 5, '14', 0),
(227, 'Photo', 7, 5, '8', 1),
(228, 'Photo', 7, 4, '10', 1),
(229, 'Photo', 7, 4, '3', 0),
(230, 'Photo', 7, 3, '13', 0),
(231, 'Photo', 7, 2, '23', 0),
(232, 'Photo', 7, 2, '13', 0),
(233, 'Status', 7, 2, '6', 1),
(234, 'Photo', 7, 1, '11', 0),
(235, 'Photo', 7, 1, '5', 0),
(236, 'Status', 7, 7, '10', 0),
(237, 'Photo', 7, 7, '4', 0),
(238, 'Photo', 7, 6, '10', 0),
(239, 'Photo', 7, 6, '2', 0),
(240, 'Photo', 7, 5, '11', 1),
(241, 'Photo', 7, 5, '3', 0),
(242, 'Photo', 7, 4, '11', 0),
(243, 'Status', 7, 4, '6', 0),
(244, 'Video', 7, 3, '11', 1),
(245, 'Photo', 7, 3, '5', 1),
(246, 'Photo', 7, 2, '13', 0),
(247, 'Photo', 7, 2, '8', 0),
(248, 'Photo', 7, 1, '12', 0),
(249, 'Photo', 7, 1, '6', 0),
(250, 'Photo', 7, 7, '11', 1),
(251, 'Photo', 7, 7, '6', 1),
(252, 'Photo', 7, 6, '11', 0),
(253, 'Photo', 7, 6, '5', 0),
(254, 'Status', 7, 5, '12', 1),
(255, 'Photo', 7, 5, '3', 0),
(256, 'Photo', 7, 4, '12', 1),
(257, 'Photo', 7, 4, '6', 1),
(258, 'Photo', 7, 3, '13', 1),
(259, 'Photo', 7, 3, '1', 0),
(260, 'Photo', 7, 2, '13', 0),
(261, 'Photo', 7, 2, '7', 1),
(262, 'Photo', 7, 1, '13', 0),
(263, 'Photo', 7, 1, '3', 0),
(264, 'Photo', 7, 7, '11', 1),
(265, 'Photo', 7, 7, '3', 0),
(266, 'Photo', 7, 6, '13', 1),
(267, 'Photo', 7, 6, '3', 0),
(268, 'Status', 7, 5, '10', 0),
(269, 'Photo', 7, 5, '3', 0),
(270, 'Photo', 7, 4, '9', 1),
(271, 'Photo', 7, 4, '5', 1),
(272, 'Photo', 7, 3, '10', 1),
(273, 'Photo', 7, 3, '3', 1),
(274, 'Photo', 7, 4, '12', 0),
(275, 'Photo', 7, 4, '3', 0),
(276, 'Status', 7, 3, '13', 0),
(277, 'Photo', 7, 3, '4', 1),
(278, 'Video', 6, 2, '13', 0),
(279, 'Photo', 6, 2, '9', 1),
(280, 'Photo', 6, 2, '3', 0),
(281, 'Photo', 6, 1, '12', 0),
(282, 'Photo', 6, 1, '4', 0),
(283, 'Status', 6, 7, '11', 0),
(284, 'Photo', 6, 7, '4', 1),
(285, 'Photo', 6, 6, '12', 0),
(286, 'Status', 6, 6, '4', 0),
(287, 'Photo', 6, 5, '11', 1),
(288, 'Photo', 6, 4, '22', 1),
(289, 'Photo', 6, 4, '12', 0),
(290, 'Photo', 6, 4, '11', 0),
(291, 'Photo', 6, 4, '7', 0),
(292, 'Photo', 6, 4, '3', 0),
(293, 'Photo', 6, 3, '11', 0),
(294, 'Photo', 6, 3, '3', 0),
(295, 'Photo', 6, 2, '13', 0),
(296, 'Photo', 6, 2, '2', 0),
(297, 'Photo', 6, 1, '14', 0),
(298, 'Photo', 6, 1, '3', 0),
(299, 'Photo', 6, 7, '11', 0),
(300, 'Photo', 6, 7, '4', 0),
(301, 'Photo', 6, 6, '9', 0),
(302, 'Photo', 6, 6, '2', 1),
(303, 'Photo', 6, 5, '13', 1),
(304, 'Photo', 6, 5, '3', 1),
(305, 'Photo', 6, 4, '12', 0),
(306, 'Photo', 6, 4, '2', 0),
(307, 'Photo', 6, 3, '13', 0),
(308, 'Photo', 6, 3, '3', 1),
(309, 'Photo', 6, 2, '13', 0),
(310, 'Photo', 6, 2, '3', 0),
(311, 'Photo', 6, 1, '13', 0),
(312, 'Photo', 6, 1, '3', 0),
(313, 'Photo', 6, 7, '10', 0),
(314, 'Photo', 6, 7, '3', 1),
(315, 'Photo', 6, 6, '12', 1),
(316, 'Photo', 6, 6, '4', 0),
(317, 'Photo', 6, 5, '12', 0),
(318, 'Photo', 6, 5, '3', 0),
(319, 'Photo', 6, 4, '13', 0),
(320, 'Photo', 6, 4, '5', 1),
(321, 'Photo', 6, 3, '11', 0),
(322, 'Photo', 6, 2, '13', 0),
(323, 'Photo', 6, 2, '5', 1),
(324, 'Photo', 6, 1, '10', 0),
(325, 'Photo', 6, 1, '3', 1),
(326, 'Photo', 6, 1, '3', 0),
(327, 'Photo', 5, 7, '14', 0),
(328, 'Photo', 5, 5, '9', 1),
(329, 'Photo', 5, 4, '12', 0),
(330, 'Photo', 5, 4, '4', 1),
(331, 'Photo', 5, 3, '12', 0),
(332, 'Photo', 5, 3, '5', 0),
(333, 'Photo', 5, 2, '12', 0),
(334, 'Photo', 5, 2, '1', 0),
(335, 'Status', 5, 1, '2', 0),
(336, 'Photo', 5, 7, '2', 0),
(337, 'Photo', 5, 6, '14', 0),
(338, 'Photo', 5, 6, '6', 0),
(339, 'Photo', 5, 5, '10', 1),
(340, 'Photo', 5, 4, '10', 0),
(341, 'Photo', 5, 4, '4', 0),
(342, 'Photo', 5, 3, '11', 0),
(343, 'Photo', 5, 2, '11', 0),
(344, 'Photo', 5, 1, '13', 1),
(345, 'Link', 5, 1, '2', 0),
(346, 'Photo', 5, 7, '13', 1),
(347, 'Photo', 5, 7, '2', 0),
(348, 'Photo', 5, 6, '13', 0),
(349, 'Photo', 5, 6, '8', 1),
(350, 'Photo', 5, 5, '13', 0),
(351, 'Photo', 5, 5, '9', 0),
(352, 'Photo', 5, 4, '13', 1),
(353, 'Status', 5, 4, '3', 1),
(354, 'Photo', 5, 3, '7', 0),
(355, 'Photo', 5, 2, '14', 0),
(356, 'Photo', 5, 2, '8', 0),
(357, 'Photo', 5, 1, '13', 0),
(358, 'Photo', 5, 1, '3', 0),
(359, 'Photo', 5, 7, '14', 0),
(360, 'Photo', 5, 7, '2', 0),
(361, 'Photo', 5, 6, '9', 0),
(362, 'Photo', 5, 6, '3', 0),
(363, 'Status', 5, 5, '7', 0),
(364, 'Photo', 4, 4, '15', 1),
(365, 'Photo', 4, 3, '13', 0),
(366, 'Photo', 4, 3, '8', 0),
(367, 'Photo', 4, 2, '13', 0),
(368, 'Photo', 4, 2, '2', 1),
(369, 'Photo', 4, 1, '2', 0),
(370, 'Photo', 4, 7, '3', 1),
(371, 'Photo', 4, 6, '14', 0),
(372, 'Status', 4, 6, '3', 1),
(373, 'Link', 4, 5, '7', 1),
(374, 'Photo', 4, 5, '5', 0),
(375, 'Photo', 4, 4, '12', 1),
(376, 'Photo', 4, 4, '7', 1),
(377, 'Photo', 4, 3, '7', 0),
(378, 'Photo', 4, 2, '13', 1),
(379, 'Photo', 4, 2, '6', 1),
(380, 'Photo', 4, 1, '14', 1),
(381, 'Photo', 4, 7, '14', 0),
(382, 'Photo', 4, 6, '20', 0),
(383, 'Photo', 4, 6, '13', 0),
(384, 'Photo', 4, 6, '3', 0),
(385, 'Photo', 4, 5, '13', 0),
(386, 'Photo', 4, 5, '7', 1),
(387, 'Photo', 4, 4, '3', 0),
(388, 'Photo', 4, 3, '13', 1),
(389, 'Photo', 4, 3, '8', 0),
(390, 'Photo', 4, 2, '13', 0),
(391, 'Photo', 4, 2, '2', 1),
(392, 'Photo', 4, 1, '13', 1),
(393, 'Photo', 4, 1, '2', 0),
(394, 'Photo', 4, 7, '14', 0),
(395, 'Photo', 4, 7, '13', 0),
(396, 'Photo', 4, 6, '9', 0),
(397, 'Photo', 4, 6, '3', 1),
(398, 'Photo', 4, 5, '9', 0),
(399, 'Photo', 4, 5, '3', 0),
(400, 'Photo', 4, 4, '13', 0),
(401, 'Photo', 4, 4, '5', 1),
(402, 'Photo', 4, 3, '13', 1),
(403, 'Photo', 4, 3, '4', 1),
(404, 'Link', 4, 2, '6', 0),
(405, 'Photo', 4, 1, '3', 0),
(406, 'Photo', 4, 7, '10', 0),
(407, 'Photo', 4, 7, '3', 0),
(408, 'Photo', 4, 6, '9', 1),
(409, 'Link', 4, 6, '4', 0),
(410, 'Photo', 4, 5, '13', 0),
(411, 'Photo', 4, 5, '3', 0),
(412, 'Photo', 4, 4, '13', 0),
(413, 'Photo', 4, 4, '3', 1),
(414, 'Photo', 3, 5, '14', 1),
(415, 'Photo', 3, 4, '14', 1),
(416, 'Photo', 3, 4, '7', 0),
(417, 'Status', 3, 3, '15', 0),
(418, 'Photo', 3, 3, '10', 0),
(419, 'Photo', 3, 3, '10', 0),
(420, 'Photo', 3, 3, '4', 0),
(421, 'Photo', 3, 2, '12', 0),
(422, 'Photo', 3, 2, '3', 0),
(423, 'Photo', 3, 1, '19', 0),
(424, 'Photo', 3, 1, '18', 0),
(425, 'Photo', 3, 1, '18', 0),
(426, 'Link', 3, 1, '3', 0),
(427, 'Photo', 3, 7, '18', 0),
(428, 'Photo', 3, 7, '17', 0),
(429, 'Photo', 3, 7, '15', 0),
(430, 'Photo', 3, 7, '15', 0),
(431, 'Link', 3, 7, '14', 0),
(432, 'Photo', 3, 7, '12', 0),
(433, 'Photo', 3, 6, '17', 0),
(434, 'Photo', 3, 6, '17', 0),
(435, 'Photo', 3, 6, '15', 0),
(436, 'Photo', 3, 6, '15', 0),
(437, 'Photo', 3, 6, '13', 1),
(438, 'Photo', 3, 6, '10', 0),
(439, 'Link', 3, 6, '6', 0),
(440, 'Photo', 3, 6, '3', 0),
(441, 'Photo', 3, 5, '10', 0),
(442, 'Photo', 3, 5, '4', 1),
(443, 'Photo', 3, 4, '13', 0),
(444, 'Photo', 3, 2, '9', 0),
(445, 'Photo', 3, 2, '5', 0),
(446, 'Photo', 3, 1, '13', 1),
(447, 'Photo', 3, 1, '2', 1),
(448, 'Photo', 3, 7, '10', 1),
(449, 'Photo', 3, 7, '5', 1),
(450, 'Photo', 2, 6, '13', 1),
(451, 'Photo', 2, 6, '6', 0),
(452, 'Photo', 2, 5, '12', 0),
(453, 'Photo', 2, 5, '6', 0),
(454, 'Photo', 2, 4, '12', 0),
(455, 'Photo', 2, 4, '3', 0),
(456, 'Photo', 2, 3, '13', 0),
(457, 'Photo', 2, 3, '9', 1),
(458, 'Photo', 2, 3, '6', 0),
(459, 'Photo', 2, 2, '13', 0),
(460, 'Photo', 2, 2, '3', 1),
(461, 'Photo', 2, 1, '13', 0),
(462, 'Photo', 2, 1, '4', 0),
(463, 'Photo', 2, 7, '13', 1),
(464, 'Photo', 2, 7, '2', 1),
(465, 'Photo', 2, 6, '13', 0),
(466, 'Photo', 2, 6, '3', 0),
(467, 'Photo', 2, 5, '13', 1),
(468, 'Photo', 2, 5, '3', 1),
(469, 'Photo', 2, 4, '12', 0),
(470, 'Photo', 2, 4, '3', 0),
(471, 'Link', 2, 3, '13', 0),
(472, 'Photo', 2, 3, '3', 0),
(473, 'Photo', 2, 2, '13', 0),
(474, 'Photo', 2, 2, '4', 1),
(475, 'Photo', 2, 1, '12', 0),
(476, 'Photo', 1, 6, '16', 1),
(477, 'Photo', 1, 6, '10', 1),
(478, 'Link', 1, 6, '4', 0),
(479, 'Photo', 1, 5, '13', 0),
(480, 'Photo', 1, 5, '4', 0),
(481, 'Photo', 1, 4, '11', 0),
(482, 'Link', 1, 4, '4', 1),
(483, 'Photo', 1, 3, '10', 0),
(484, 'Photo', 1, 3, '3', 0),
(485, 'Photo', 1, 2, '7', 0),
(486, 'Link', 1, 2, '2', 0),
(487, 'Photo', 1, 1, '12', 0),
(488, 'Photo', 1, 1, '2', 0),
(489, 'Photo', 1, 7, '10', 0),
(490, 'Photo', 1, 7, '2', 0),
(491, 'Photo', 1, 6, '11', 0),
(492, 'Photo', 1, 6, '3', 1),
(493, 'Link', 1, 5, '11', 0),
(494, 'Photo', 1, 1, '2', 0),
(495, 'Photo', 1, 7, '10', 0),
(496, 'Photo', 1, 7, '2', 0),
(497, 'Photo', 1, 5, '8', 0),
(498, 'Photo', 1, 5, '2', 0),
(499, 'Photo', 1, 4, '11', 0),
(500, 'Photo', 1, 4, '4', 0);

--
-- Índices para tablas volcadas
--

--
-- Indices de la tabla `comentarios`
--
ALTER TABLE `comentarios`
  ADD PRIMARY KEY (`Id`),
  ADD KEY `Id_publicacion` (`Id_publicacion`);

--
-- Indices de la tabla `compartir`
--
ALTER TABLE `compartir`
  ADD PRIMARY KEY (`Id`),
  ADD KEY `Id_publicacion` (`Id_publicacion`);

--
-- Indices de la tabla `likes`
--
ALTER TABLE `likes`
  ADD PRIMARY KEY (`Id`),
  ADD KEY `Id_publicacion` (`Id_publicacion`);

--
-- Indices de la tabla `publicaciones`
--
ALTER TABLE `publicaciones`
  ADD PRIMARY KEY (`Id`);

--
-- Restricciones para tablas volcadas
--

--
-- Filtros para la tabla `comentarios`
--
ALTER TABLE `comentarios`
  ADD CONSTRAINT `comentarios_ibfk_1` FOREIGN KEY (`Id_publicacion`) REFERENCES `publicaciones` (`Id`);

--
-- Filtros para la tabla `compartir`
--
ALTER TABLE `compartir`
  ADD CONSTRAINT `compartir_ibfk_1` FOREIGN KEY (`Id_publicacion`) REFERENCES `publicaciones` (`Id`);

--
-- Filtros para la tabla `likes`
--
ALTER TABLE `likes`
  ADD CONSTRAINT `likes_ibfk_1` FOREIGN KEY (`Id_publicacion`) REFERENCES `publicaciones` (`Id`);
COMMIT;

/*!40101 SET CHARACTER_SET_CLIENT=@OLD_CHARACTER_SET_CLIENT */;
/*!40101 SET CHARACTER_SET_RESULTS=@OLD_CHARACTER_SET_RESULTS */;
/*!40101 SET COLLATION_CONNECTION=@OLD_COLLATION_CONNECTION */;
